book,dynasty
"『集部』/别集/玉台新咏,,",DK
"『集部』/别集/古诗十九首,,",DK
"『集部』/词/全宋词,,",DK
"『集部』/词/茶联集锦,,",DK
"『集部』/词/唐宋名家词选,,",DK
"『集部』/诗文评/复雅歌词,,",DK
"『集部』/总集/词曲(历代诸家),,",DK
"『集部』/总集/乐府诗集,,",DK
"『集部』/总集/诗 (历代诸家),,",DK
"『集部』/总集/箧中集,,",DK
"『集部』/总集/古诗源,,",DK
"『集部』/总集/古谣谚,,",DK
"『集部』/总集/古文观止,,",DK
"『集部』/总集/十八家诗抄,,",DK
"『集部』/总集/昭明文选,,",DK
"『集部』/总集/先秦汉魏晋南北朝诗,,",DK
"『集部』/总集/先唐文,,",DK
"『集部』/总集/千家诗,,",DK
"『集部』/总集/全陈文,,",DK
"『集部』/总集/全汉诗,,",DK
"『集部』/总集/全汉文,,",DK
"『集部』/总集/全齐文,,",DK
"『集部』/总集/全后汉文,,",DK
"『集部』/总集/全后周文,,",DK
"『集部』/总集/全后魏文,,",DK
"『集部』/总集/全三国文,,",DK
"『集部』/总集/全上古三代文,,",DK
"『集部』/总集/全晋文,,",DK
"『集部』/总集/全秦文,,",DK
"『集部』/总集/全宋文,,",DK
"『集部』/总集/全唐诗,,",DK
"『集部』/总集/全唐文,,",DK
"『集部』/总集/全北齐文,,",DK
"『集部』/总集/全梁文,,",DK
"『集部』/总集/全隋文,,",DK
"『集部』/总集/宋诗一百首,,",DK
"『集部』/总集/唐诗三百首,,",DK
"『集部』/总集/唐文续拾,,",DK
"『集部』/总集/唐文拾遗,,",DK
"『集部』/总集/敦煌变文集新书,,",DK
"『集部』/总集/文(历代诸家),,",DK
"『集部』/总集/文忠集,,",DK
"『集部』/总集/薛涛、李冶诗集,,",DK
"『集部』/曲/无名氏28首,,",DK
"『经部』/十三经注疏,,",DK
"『史部』/诏令奏议,,",DK
"『史部』/目录/古籍善本家谱目录,,",DK
"『子部』/农家/农学古籍概览,,",DK
"『子部』/谱录/茶賦  幷書,,",DK
"『子部』/术数/宅经,,",DK
"『子部』/杂家/颜氏家训集解,,",DK
"『子部』/医家/针邪密要,,",DK
"『子部』/医家/黄帝内经,,",DK
"『子部』/医家/鬼门十三针,,",DK
"『子部』/医家/中医内科方剂索引,,",DK
"『子部』/医家/脉象口诀歌,,",DK
"『子部』/道家/黄帝阴符经,,",DK
"『子部』/道家/金人铭,,",DK
"『子部』/道家/素书,,",DK
"『子部』/道家/太平经合校,,",DK
"『子部』/道家/通玄真经,,",DK
"『子部』/道家/文子,,",DK
"『子部』/道家/列子集释,,",DK
"『子部』/道家/老子集注,,",DK
"『子部』/道家/老子道德经校释,,",DK
"『子部』/兵家/握奇经,,",DK
"『子部』/兵家/将苑,,",DK
"『子部』/兵家/兵制,,",DK
"『子部』/兵家/墨子城守各篇简注,,",DK
"『集部』/别集/孔雀东南飞,,",DK
"『集部』/词/词格律,,",DK
"『集部』/词/词韵简编,,",DK
"『集部』/词/平水韵部,,",DK
"『集部』/词/婉约词,,",DK
"『集部』/别集/思旧赋并序,,",三国
"『经部』/经学史及小学类/周易略例,,",三国
"『经部』/经学史及小学类/周易注,,",三国
"『子部』/儒家/典论,,",三国
"『集部』/别集/诫子篇,,",三国
"『子部』/兵家/孙子略解,,",三国
"『集部』/别集/后出师表,,",三国
"『集部』/别集/前出师表,,",三国
"『集部』/别集/让县自明本志令,,",三国
"『子部』/书画/用笔法,,",三国
"『集部』/别集/陈琳诗全集,,",三国
"『集部』/别集/酒德颂,,",三国
"『集部』/别集/曹操诗集,,",三国
"『集部』/别集/曹操诗全集,,",三国
"『集部』/别集/曹丕诗全集,,",三国
"『集部』/别集/洛神赋,,",三国
"『子部』/道家/列子,,",东周
"『史部』/编年/后汉纪校注,,",东晋
"『集部』/别集/归去来辞,,",东晋
"『经部』/十三经注疏/春秋谷梁传注疏,,",东晋
"『子部』/道家/神仙传,,",东晋
"『子部』/道家/抱朴子外篇,,",东晋
"『子部』/道家/抱朴子内篇,,",东晋
"『史部』/地理/佛国记,,",东晋
"『集部』/别集/兰亭集序,,",东晋
"『子部』/书画/书论,,",东晋
"『子部』/书画/题卫夫人笔阵图后,,",东晋
"『子部』/书画/笔阵图,,",东晋
"『子部』/术数/葬书,,",东晋
"『子部』/杂家/不真空论,,",东晋
"『子部』/杂家/物不迁论,,",东晋
"『集部』/别集/闲情赋并序,,",东晋
"『集部』/别集/桃花源记,,",东晋
"『集部』/别集/陶渊明诗全集,,",东晋
"『集部』/别集/陶渊明集,,",东晋
"『子部』/杂家/论衡,,",东汉
"『史部』/正史/汉书,,",东汉
"『史部』/载记/吴越春秋,,",东汉
"『子部』/儒家/中论,,",东汉
"『经部』/经学史及小学类/释名,,",东汉
"『史部』/传记/英雄记,,",东汉
"『集部』/别集/王粲诗全集,,",东汉
"『史部』/编年/前汉纪,,",东汉
"『子部』/儒家/申鉴,,",东汉
"『经部』/十三经注疏/仪礼注疏,,",东汉
"『经部』/经学史及小学类/周易参同契,,",东汉
"『子部』/类书/说文解字,,",东汉
"『史部』/别杂史等/东观汉记校注,,",东汉
"『子部』/书画/非草书,,",东汉
"『集部』/别集/归田赋,,",东汉
"『史部』/载记/越绝书,,",东汉
"『子部』/释家/佛说四十二章经,,",东汉
"『子部』/书画/九势,,",东汉
"『子部』/杂家/风俗通义校注,,",东汉
"『子部』/杂家/白虎通义,,",东汉
"『子部』/医家/难经,,",东汉
"『子部』/医家/伤寒论,,",东汉
"『子部』/医家/金匮要略,,",东汉
"『子部』/儒家/孔丛子,,",东汉
"『子部』/儒家/新论,,",东汉
"『子部』/道家/老子想尔注,,",东汉
"『集部』/别集/登楼赋,,",东汉
"『集部』/诗文评/诗谱,,",东汉
"『史部』/地理/洛阳伽蓝记,,",东魏
"『史部』/正史/旧唐书,,",五代十国
"『子部』/医家/褚氏遗书,,",五代十国
"『子部』/杂家/兼明书,,",五代十国
"『集部』/词/李煜词全集,,",五代十国
"『集部』/别集/铁崖乐府,,",元
"『史部』/传记/唐才子传,,",元
"『史部』/地理/岁华纪丽谱,,",元
"『子部』/儒家/读书分年日程,,",元
"『史部』/别杂史等/文献通考,,",元
"『子部』/科技/算学启蒙总括,,",元
"『史部』/别杂史等/平宋录,,",元
"『史部』/地理/岛夷志略,,",元
"『史部』/正史/宋史,,",元
"『史部』/正史/辽史,,",元
"『史部』/正史/金史,,",元
"『子部』/释家/佛祖通载,,",元
"『史部』/传记/西使记,,",元
"『子部』/释家/释氏稽古略,,",元
"『子部』/书画/翰林要诀,,",元
"『子部』/书画/衍极并注,,",元
"『子部』/杂家/勤有堂随录,,",元
"『子部』/杂家/敬斋古今黈,,",元
"『子部』/杂家/言行龟鉴,,",元
"『子部』/杂家/日闻录,,",元
"『子部』/医家/药性赋,,",元
"『子部』/儒家/二十四孝,,",元
"『集部』/别集/侨吴集,,",元
"『集部』/别集/真山民集,,",元
"『集部』/别集/范德机诗集,,",元
"『集部』/词/丹阳词,,",元
"『集部』/词/白朴集,,",元
"『集部』/诗文评/诗学禁脔,,",元
"『集部』/诗文评/诗法家数,,",元
"『集部』/诗文评/山房随笔,,",元
"『集部』/诗文评/梅磵诗话,,",元
"『集部』/诗文评/木天禁语,,",元
"『集部』/诗文评/吴礼部诗话,,",元
"『集部』/曲/汉宫秋,,",元
"『集部』/曲/张可九元曲集,,",元
"『集部』/曲/窦娥冤,,",元
"『集部』/曲/元人小令选,,",元
"『集部』/曲/西厢记,,",元
"『集部』/曲/包龙图智赚合同文字,,",元
"『集部』/曲/包待制智赚生金阁,,",元
"『集部』/曲/包待制智勘后庭花,,",元
"『集部』/曲/梁山伯与祝英台,,",元
"『集部』/曲/倩女离魂,,",元
"『子部』/杂家/公孙龙子,,",先秦
"『子部』/杂家/鹖冠子,,",先秦
"『子部』/谱录/劉氏菊譜,,",北宋
"『子部』/兵家/虎钤经,,",北宋
"『经部』/十三经注疏/孟子注疏,,",北宋
"『经部』/十三经注疏/礼记正义,,",北宋
"『史部』/编年/今本竹书纪年疏证,,",北宋
"『史部』/正史/史记三家注,,",北宋
"『史部』/正史/旧五代史,,",北宋
"『史部』/别杂史等/五代史阙文,,",北宋
"『经部』/十三经注疏/尔雅注疏,,",北宋
"『经部』/十三经注疏/论语注疏,,",北宋
"『经部』/十三经注疏/孝经注疏,,",北宋
"『史部』/政书/唐会要,,",北宋
"『子部』/兵家/何博士备论,,",北宋
"『子部』/艺术/画继,,",北宋
"『子部』/杂家/冷斋夜话,,",北宋
"『子部』/书画/海岳名言,,",北宋
"『子部』/谱录/茶录,,",北宋
"『子部』/谱录/茶錄,,",北宋
"『子部』/农家/禾谱,,",北宋
"『集部』/别集/读孟尝君传,,",北宋
"『集部』/别集/栾城集,,",北宋
"『史部』/别杂史等/龙川别志,,",北宋
"『集部』/别集/苏轼词选（４８首),,",北宋
"『经部』/经学史及小学类/东坡易传,,",北宋
"『集部』/别集/苏东坡全集,,",北宋
"『子部』/杂家/麈史,,",北宋
"『子部』/杂家/梦溪笔谈,,",北宋
"『集部』/别集/临川先生文集,,",北宋
"『子部』/儒家/张子正蒙,,",北宋
"『子部』/儒家/西铭,,",北宋
"『史部』/编年/资治通鉴,,",北宋
"『集部』/别集/元丰类稿,,",北宋
"『集部』/别集/爱莲说,,",北宋
"『集部』/别集/周子全书,,",北宋
"『子部』/道家/云笈七签,,",北宋
"『集部』/别集/苏洵集,,",北宋
"『集部』/别集/嘉祐集,,",北宋
"『经部』/经学史及小学类/易童子问,,",北宋
"『子部』/释家/僧宝传,,",北宋
"『子部』/谱录/大观茶论,,",北宋
"『子部』/释家/林间录,,",北宋
"『集部』/别集/前赤壁赋,,",北宋
"『史部』/正史/新唐书,,",北宋
"『史部』/正史/新五代史,,",北宋
"『子部』/谱录/大明水記,,",北宋
"『子部』/谱录/洛阳牡丹记,,",北宋
"『子部』/释家/宋高僧传,,",北宋
"『子部』/释家/碧岩录,,",北宋
"『子部』/书画/论书,,",北宋
"『子部』/书画/试笔,,",北宋
"『子部』/书画/题跋176则,,",北宋
"『子部』/书画/图画见闻志,,",北宋
"『子部』/书画/续书断,,",北宋
"『子部』/艺术/益州名画录,,",北宋
"『子部』/艺术/棋经,,",北宋
"『子部』/艺术/林泉高致集,,",北宋
"『子部』/杂家/东坡志林,,",北宋
"『子部』/杂家/仇池笔记,,",北宋
"『子部』/杂家/刘子,,",北宋
"『子部』/兵家/十七史百将传,,",北宋
"『子部』/兵家/武经总要,,",北宋
"『子部』/蒙学/百家姓,,",北宋
"『集部』/别集/林和靖集,,",北宋
"『集部』/别集/醉翁亭记,,",北宋
"『集部』/词/东堂词,,",北宋
"『集部』/词/东坡词,,",北宋
"『集部』/词/乐章集,,",北宋
"『集部』/词/安陆集,,",北宋
"『集部』/词/姑溪词,,",北宋
"『集部』/词/山谷词,,",北宋
"『集部』/词/珠玉词,,",北宋
"『集部』/词/小山词,,",北宋
"『集部』/词/樵隐词,,",北宋
"『集部』/词/石林词,,",北宋
"『集部』/词/曹组词集,,",北宋
"『集部』/词/坦菴词,,",北宋
"『集部』/词/逃禅词,,",北宋
"『集部』/词/片玉词,,",北宋
"『集部』/词/柳永词全集,,",北宋
"『集部』/词/六一词,,",北宋
"『集部』/词/和清真词,,",北宋
"『集部』/词/淮海詞,,",北宋
"『集部』/词/圣求词,,",北宋
"『集部』/词/筠豀乐府,,",北宋
"『集部』/诗文评/东坡诗话,,",北宋
"『集部』/诗文评/时贤本事曲子集,,",北宋
"『集部』/诗文评/温公续诗话,,",北宋
"『集部』/诗文评/后山诗话,,",北宋
"『集部』/诗文评/庚溪诗话,,",北宋
"『集部』/诗文评/石林诗话,,",北宋
"『集部』/诗文评/中山诗话,,",北宋
"『集部』/诗文评/六一诗话,,",北宋
"『集部』/诗文评/藏海诗话,,",北宋
"『子部』/谱录/宣和北苑贡茶录,,",北宋—南宋
"『子部』/谱录/宣和北苑貢茶錄,,",北宋—南宋
"『集部』/诗文评/优古堂诗话,,",北宋／南宋
"『子部』/农家/齐民要术,,",北魏
"『史部』/别杂史等/十六国春秋别传,,",北魏
"『史部』/地理/水经注,,",北魏
"『史部』/正史/魏书,,",北齐
"『史部』/正史/南齐书,,",南北朝
"『子部』/蒙学/千字文,,",南北朝
"『史部』/地理/荆楚岁时记,,",南北朝
"『集部』/别集/谢朓全集,,",南北朝
"『子部』/谱录/古今刀剑录,,",南北朝
"『史部』/地理/三辅黄图,,",南北朝
"『集部』/别集/谢灵运诗全集,,",南北朝
"『子部』/书画/采古来能书人名,,",南北朝
"『史部』/正史/后汉书,,",南北朝
"『子部』/释家/弘明集,,",南北朝
"『子部』/书画/论书表,,",南北朝
"『子部』/书画/书品[节录],,",南北朝
"『子部』/书画/古今书评,,",南北朝
"『子部』/书画/与梁武帝论书启,,",南北朝
"『子部』/书画/笔意赞,,",南北朝
"『子部』/艺术/古画品录,,",南北朝
"『子部』/杂家/颜氏家训,,",南北朝
"『子部』/杂家/金楼子,,",南北朝
"『子部』/科技/孙子算经,,",南北朝
"『子部』/兵家/三十六计,,",南北朝
"『集部』/别集/南齐萧竟陵集,,",南北朝
"『集部』/诗文评/诗品,,",南北朝
"『集部』/诗文评/文心雕龙,,",南北朝
"『集部』/楚辞/文心雕龙译注,,",南北朝
"『史部』/别杂史等/五代新说,,",南唐
"『子部』/书画/书述,,",南唐
"『集部』/别集/鲍明远集,,",南宋
"『集部』/别集/宋袁阳源集,,",南宋
"『经部』/经学史及小学类/周易郑康成注,,",南宋
"『经部』/经学史及小学类/新本郑氏周易,,",南宋
"『子部』/儒家/北溪字义,,",南宋
"『子部』/兵家/历代兵制,,",南宋
"『经部』/经学史及小学类/大学章句,,",南宋
"『经部』/经学史及小学类/大学章句集注,,",南宋
"『经部』/经学史及小学类/中庸章句,,",南宋
"『经部』/经学史及小学类/中庸章句集注,,",南宋
"『经部』/十三经注疏/论语集注,,",南宋
"『经部』/十三经注疏/孟子集注,,",南宋
"『史部』/纪事本末/三朝北盟会编,,",南宋
"『集部』/别集/陆游诗全集,,",南宋
"『子部』/杂家/容斋随笔,,",南宋
"『史部』/编年/续资治通鉴长编,,",南宋
"『子部』/儒家/知言,,",南宋
"『史部』/别杂史等/松漠纪闻,,",南宋
"『史部』/职官/官箴,,",南宋
"『史部』/地理/武林旧事,,",南宋
"『史部』/地理/梦粱录,,",南宋
"『子部』/儒家/朱子语类,,",南宋
"『子部』/释家/五灯会元,,",南宋
"『史部』/目录/郡斋读书志,,",南宋
"『子部』/医家/洗冤集录,,",南宋
"『史部』/地理/都城纪胜,,",南宋
"『子部』/法家/棠阴比事,,",南宋
"『子部』/谱录/北苑别录,,",南宋
"『子部』/谱录/北苑別錄,,",南宋
"『史部』/地理/淳熙三山志,,",南宋
"『史部』/地理/岭外代答,,",南宋
"『子部』/谱录/橘录,,",南宋
"『史部』/地理/吴船录,,",南宋
"『史部』/地理/东京梦华录,,",南宋
"『史部』/政书/宋朝事实,,",南宋
"『子部』/谱录/北山酒经,,",南宋
"『子部』/释家/罗湖野录,,",南宋
"『子部』/释家/古尊宿语录,,",南宋
"『子部』/书画/续书谱,,",南宋
"『子部』/书画/翰墨志,,",南宋
"『子部』/术数/月波洞中记,,",南宋
"『子部』/艺术/棋经论,,",南宋
"『子部』/艺术/象棋十诀,,",南宋
"『子部』/杂家/鹤林玉露,,",南宋
"『子部』/杂家/齐东野语,,",南宋
"『子部』/杂家/寓简,,",南宋
"『子部』/杂家/容斋续笔,,",南宋
"『子部』/儒家/三字经,,",南宋
"『子部』/儒家/名贤集,,",南宋
"『子部』/儒家/袁氏世范,,",南宋
"『子部』/兵家/守城录,,",南宋
"『子部』/兵家/翠微先生北征录,,",南宋
"『子部』/兵家/翠微北征录,,",南宋
"『子部』/法家/折狱龟鉴,,",南宋
"『集部』/别集/伯牙琴,,",南宋
"『集部』/别集/郴江百咏,,",南宋
"『集部』/词/东浦词,,",南宋
"『集部』/词/归愚词,,",南宋
"『集部』/词/龙洲词,,",南宋
"『集部』/词/审斋词,,",南宋
"『集部』/词/芦川词,,",南宋
"『集部』/词/稼轩词,,",南宋
"『集部』/词/海野词,,",南宋
"『集部』/词/蒲江词,,",南宋
"『集部』/词/酒边词,,",南宋
"『集部』/词/断肠词,,",南宋
"『集部』/词/知稼翁词,,",南宋
"『集部』/词/竹斋诗余,,",南宋
"『集部』/词/竹屋痴语,,",南宋
"『集部』/词/梅溪词,,",南宋
"『集部』/词/白石道人歌曲,,",南宋
"『集部』/词/平斋词,,",南宋
"『集部』/词/友古词,,",南宋
"『集部』/词/姜夔词选,,",南宋
"『集部』/词/无住词,,",南宋
"『集部』/词/溪堂词,,",南宋
"『集部』/词/漱玉词,,",南宋
"『集部』/词/范成大词集,,",南宋
"『集部』/诗文评/沧浪诗话,,",南宋
"『集部』/诗文评/诚斋诗话,,",南宋
"『集部』/诗文评/词论,,",南宋
"『集部』/诗文评/观林诗话,,",南宋
"『集部』/诗文评/乐府指迷,,",南宋
"『集部』/诗文评/诗人玉屑,,",南宋
"『集部』/诗文评/浩然斋词话,,",南宋
"『集部』/诗文评/紫微诗话,,",南宋
"『集部』/诗文评/拙轩词话,,",南宋
"『集部』/诗文评/唐子西文录,,",南宋
"『集部』/诗文评/二老堂诗话,,",南宋
"『集部』/诗文评/白石道人诗说,,",南宋
"『集部』/诗文评/彦周诗话,,",南宋
"『集部』/诗文评/苕溪渔隐丛话后集,,",南宋
"『集部』/诗文评/苕溪渔隐丛话前集,,",南宋
"『集部』/曲/精忠旗,,",南宋
"『集部』/楚辞/楚辞补註,,",南宋
"『史部』/正史/宋书,,",南齐
"『史部』/别杂史等/逸周书,,",周
"『子部』/谱录/茶经(今注),,",唐
"『子部』/谱录/茶经,,",唐
"『史部』/地理/岭表录异,,",唐
"『子部』/道家/历代崇道记,,",唐
"『集部』/别集/罗昭谏集,,",唐
"『经部』/十三经注疏/春秋公羊传注疏,,",唐
"『子部』/书画/授笔要说,,",唐
"『集部』/别集/小石潭记,,",唐
"『集部』/别集/杂说,,",唐
"『集部』/别集/五百家注昌黎文集,,",唐
"『集部』/别集/送董生邵南序,,",唐
"『史部』/别杂史等/顺宗实录,,",唐
"『经部』/经学史及小学类/周易集解,,",唐
"『史部』/政书/通典,,",唐
"『子部』/书画/述张长史笔法十二意,,",唐
"『集部』/别集/王右丞集笺注,,",唐
"『集部』/别集/王维诗集,,",唐
"『史部』/别杂史等/贞观政要,,",唐
"『集部』/别集/陈子昂诗集,,",唐
"『子部』/类书/初学记,,",唐
"『经部』/十三经注疏/周礼注疏,,",唐
"『史部』/别杂史等/奉天录,,",唐
"『经部』/十三经注疏/周易正义,,",唐
"『经部』/十三经注疏/春秋左传正义,,",唐
"『经部』/十三经注疏/尚书正义,,",唐
"『子部』/书画/笔髓论,,",唐
"『史部』/传记/魏郑公谏录,,",唐
"『史部』/编年/大唐创业起居注,,",唐
"『史部』/地理/桂林风土记,,",唐
"『史部』/别杂史等/东观奏记,,",唐
"『子部』/道家/无能子,,",唐
"『史部』/地理/吴地记,,",唐
"『史部』/地理/北户录,,",唐
"『史部』/地理/蛮书,,",唐
"『史部』/地理/寺塔记,,",唐
"『集部』/别集/《文镜秘府论》,,",唐
"『集部』/别集/师说,,",唐
"『史部』/别杂史等/隋唐嘉话,,",唐
"『史部』/职官/唐六典,,",唐
"『子部』/释家/开元释教录,,",唐
"『史部』/史评/史通,,",唐
"『子部』/医家/千金翼方,,",唐
"『子部』/释家/法苑珠林,,",唐
"『史部』/正史/南史,,",唐
"『史部』/正史/北史,,",唐
"『子部』/医家/备急千金要方,,",唐
"『史部』/政书/唐律疏议,,",唐
"『史部』/正史/晋书,,",唐
"『子部』/儒家/帝范,,",唐
"『史部』/地理/大唐西域记,,",唐
"『史部』/正史/陈书,,",唐
"『史部』/正史/周书,,",唐
"『史部』/正史/北齐书,,",唐
"『史部』/正史/梁书,,",唐
"『史部』/正史/隋书,,",唐
"『子部』/科技/缉古算经,,",唐
"『子部』/类书/艺文类聚,,",唐
"『史部』/地理/南岳小录,,",唐
"『子部』/谱录/十六湯品,,",唐
"『子部』/谱录/唐人咏茶诗,,",唐
"『子部』/释家/六祖大师法宝坛经,,",唐
"『子部』/释家/广弘明集,,",唐
"『子部』/书画/临池诀,,",唐
"『子部』/书画/论用笔十法,,",唐
"『子部』/书画/评书药石论（含今译）,,",唐
"『子部』/书画/释怀素与颜真卿论草书,,",唐
"『子部』/书画/书后品,,",唐
"『子部』/书画/书旨述,,",唐
"『子部』/书画/书断,,",唐
"『子部』/书画/孙过庭书谱及其释文,,",唐
"『子部』/书画/五十六种书并序,,",唐
"『子部』/书画/草书势(含今译),,",唐
"『子部』/书画/草书势,,",唐
"『子部』/书画/送高闲上人序,,",唐
"『子部』/书画/二字诀,,",唐
"『子部』/书画/法书论,,",唐
"『子部』/书画/法书要录-六卷全,,",唐
"『子部』/书画/六体书论,,",唐
"『子部』/术数/青囊奥语,,",唐
"『子部』/术数/天玉经,,",唐
"『子部』/术数/撼龙经,,",唐
"『子部』/艺术/乐府杂录,,",唐
"『子部』/艺术/书断列传,,",唐
"『子部』/杂家/长短经（反经）,,",唐
"『子部』/杂家/化书,,",唐
"『子部』/杂家/封氏闻见记,,",唐
"『子部』/杂家/两同书,,",唐
"『子部』/医家/铜人针灸经,,",唐
"『子部』/兵家/太白阴经,,",唐
"『子部』/兵家/唐李问对,,",唐
"『集部』/别集/寒山子诗集,,",唐
"『集部』/别集/吊古战场文,,",唐
"『集部』/别集/杜审言诗全集,,",唐
"『集部』/别集/杜甫诗全集,,",唐
"『集部』/别集/藤王阁序,,",唐
"『集部』/别集/白居易诗全集,,",唐
"『集部』/别集/孟郊集,,",唐
"『集部』/别集/柳河东集,,",唐
"『集部』/别集/李贺诗全集,,",唐
"『集部』/别集/李义山诗集,,",唐
"『集部』/别集/李商隐诗选,,",唐
"『集部』/别集/李太白全集三十六卷,,",唐
"『集部』/别集/李白诗全集,,",唐
"『集部』/别集/岑参诗选,,",唐
"『集部』/别集/岑参集,,",唐
"『集部』/别集/崔护诗选,,",唐
"『集部』/别集/崔颢诗全集,,",唐
"『集部』/别集/樊川文集,,",唐
"『集部』/别集/薛涛诗全集,,",唐
"『集部』/诗文评/风骚旨格,,",唐
"『集部』/诗文评/乐府古题要解,,",唐
"『集部』/诗文评/诗式,,",唐
"『集部』/诗文评/诗人主客图,,",唐
"『集部』/诗文评/杜工部草堂诗话,,",唐
"『集部』/诗文评/二十四诗品,,",唐
"『集部』/诗文评/文笔要诀,,",唐
"『子部』/杂家/中华古今注,,",唐末
"『史部』/别杂史等/大业拾遗记,,",宋
"『史部』/载记/五国故事,,",宋
"『史部』/载记/江南野史,,",宋
"『史部』/地理/庐山记,,",宋
"『史部』/别杂史等/靖康传信录,,",宋
"『史部』/史评/三国杂事,,",宋
"『子部』/书画/负暄野录,,",宋
"『子部』/艺术/棋经十三篇,,",宋
"『子部』/杂家/爱日斋丛抄,,",宋
"『子部』/儒家/近思录,,",宋
"『子部』/杂家/慎子,,",战国
"『子部』/杂家/尹文子,,",战国
"『史部』/史钞/郭店楚墓竹简,,",战国
"『经部』/十三经/尚书,,",战国
"『经部』/经学史及小学类/易传,,",战国
"『经部』/经学史及小学类/毛詩,,",战国
"『经部』/十三经/尔雅,,",战国
"『经部』/十三经/诗经,,",战国
"『经部』/十三经/仪礼,,",战国
"『经部』/十三经/孟子,,",战国
"『子部』/杂家/吕氏春秋,,",战国
"『子部』/儒家/荀子,,",战国
"『子部』/法家/韩非子,,",战国
"『子部』/法家/申子,,",战国
"『子部』/道家/庄子,,",战国
"『子部』/道家/庄子·内篇,,",战国
"『集部』/别集/九歌,,",战国
"『子部』/杂家/鬼谷子本经阴符七术,,",战国
"『子部』/杂家/墨子,,",战国
"『子部』/医家/神农本草经,,",战国
"『子部』/医家/素问,,",战国
"『子部』/医家/灵枢,,",战国
"『子部』/道家/帛书《黃帝四经》,,",战国
"『子部』/兵家/孙膑兵法,,",战国
"『子部』/兵家/尉繚子,,",战国
"『子部』/兵家/鬼谷子,,",战国
"『子部』/兵家/司马法,,",战国
"『子部』/兵家/六韬(注释本),,",战国
"『子部』/兵家/吴子,,",战国
"『子部』/法家/商君书,,",战国
"『集部』/别集/愚公移山,,",战国
"『集部』/别集/离骚,,",战国
"『集部』/楚辞/楚辞,,",战国-西汉
"『集部』/楚辞,,",战国-西汉
"『史部』/别杂史等/明季南略,,",明
"『史部』/别杂史等/明季北略,,",明
"『子部』/兵家/乾坤大略,,",明
"『集部』/别集/影梅庵忆语,,",明
"『经部』/经学史及小学类/陆氏易解,,",明
"『史部』/载记/万历野获编,,",明
"『子部』/儒家/菜根谭,,",明
"『子部』/蒙学/龙文鞭影,,",明
"『子部』/医家/古方八阵,,",明
"『集部』/别集/养兰说,,",明
"『集部』/别集/小窗幽记,,",明
"『子部』/儒家/鉴略妥注,,",明
"『子部』/儒家/呻吟语摘,,",明
"『子部』/兵家/练兵实纪,,",明
"『集部』/别集/高洁说,,",明
"『子部』/术数/三命通会,,",明
"『集部』/别集/借竹楼记,,",明
"『集部』/别集/寒花葬志,,",明
"『经部』/经学史及小学类/泰泉乡礼,,",明
"『集部』/别集/双江聂先生文集,,",明
"『子部』/儒家/传习录,,",明
"『集部』/别集/王文成全书,,",明
"『子部』/书画/奴书订,,",明
"『史部』/职官/从政录,,",明
"『史部』/政书/明太祖宝训,,",明
"『子部』/兵家/百战奇略,,",明
"『集部』/别集/郁离子,,",明
"『子部』/儒家/明夷待访录,,",明
"『集部』/别集/徐霞客游记,,",明
"『子部』/医家/景岳全书,,",明
"『子部』/农家/天工开物,,",明
"『子部』/杂家/智囊全集,,",明
"『子部』/兵家/投笔肤谈,,",明
"『子部』/谱录/茶疏,,",明
"『集部』/别集/叙陈正甫会心集,,",明
"『子部』/医家/奇经八脉考,,",明
"『子部』/医家/本草纲目,,",明
"『子部』/医家/濒湖脉学,,",明
"『子部』/谱录/煮泉小品,,",明
"『史部』/正史/元史,,",明
"『史部』/载记/律条公案,,",明
"『子部』/谱录/茶譜,,",明
"『子部』/释家/了凡四训,,",明
"『子部』/书画/论法书,,",明
"『子部』/书画/书诀,,",明
"『子部』/书画/书法雅言,,",明
"『子部』/书画/书法散论,,",明
"『子部』/书画/春雨杂述,,",明
"『子部』/术数/灵城精义,,",明
"『子部』/艺术/画禅室随笔,,",明
"『子部』/艺术/笠翁对韵,,",明
"『子部』/艺术/桔中秘叙,,",明
"『子部』/杂家/永历实录,,",明
"『子部』/杂家/五杂俎,,",明
"『子部』/杂家/七修类稿,,",明
"『子部』/杂家/日知录,,",明
"『子部』/杂家/明季三朝野史,,",明
"『子部』/杂家/夜航船,,",明
"『子部』/医家/颅囟经,,",明
"『子部』/儒家/训蒙骈句,,",明
"『子部』/儒家/小儿语,,",明
"『子部』/儒家/南询录,,",明
"『子部』/儒家/幼学琼林,,",明
"『子部』/儒家/增广贤文,,",明
"『集部』/别集/王心斋全集,,",明
"『集部』/别集/可闲老人集,,",明
"『集部』/别集/竹斋集,,",明
"『集部』/别集/陶庵梦忆,,",明
"『集部』/别集/童心说,,",明
"『集部』/别集/明圣二湖,,",明
"『集部』/别集/与袁石浦,,",明
"『集部』/诗文评/归田诗话,,",明
"『集部』/诗文评/诗镜总论,,",明
"『集部』/诗文评/艺苑卮言,,",明
"『集部』/诗文评/逸老堂诗话,,",明
"『集部』/诗文评/国雅品,,",明
"『集部』/诗文评/四溟诗话,,",明
"『集部』/诗文评/升庵诗话,,",明
"『集部』/诗文评/南濠诗话,,",明
"『集部』/诗文评/麓堂诗话,,",明
"『集部』/曲/娇红记,,",明
"『集部』/别集/罗近溪明道录,,",明代
"『子部』/书画/作字示儿孙,,",明末清初
"『史部』/别杂史等/国语,,",春秋
"『经部』/经学史及小学类/子夏易传,,",春秋
"『经部』/十三经/春秋谷梁传,,",春秋
"『经部』/十三经/春秋公羊传,,",春秋
"『经部』/十三经/春秋左传,,",春秋
"『子部』/谱录/禽经,,",春秋
"『子部』/兵家/孙子兵法,,",春秋
"『子部』/道家/亢仓子,,",春秋
"『子部』/法家/邓子,,",春秋
"『子部』/道家/道德经（老子）,,",春秋/战国
"『经部』/十三经/论语,,",春秋战国
"『史部』/正史/清史稿,,",民国
"『经部』/十三经/定州汉墓竹简《论语》,,",汉
"『子部』/科技/周髀算经,,",汉
"『子部』/农家/氾胜之书,,",汉
"『子部』/科技/九章算术,,",汉
"『子部』/儒家/法言义疏,,",清
"『史部』/别杂史等/国闻备乘,,",清
"『子部』/杂家/墨子闲诂,,",清
"『子部』/道家/庄子集解,,",清
"『子部』/兵家/武侯八阵兵法辑略,,",清
"『史部』/政书/刘壮肃公奏议,,",清
"『集部』/别集/曾国藩文集,,",清
"『集部』/别集/曾国藩家书,,",清
"『史部』/别杂史等/九家旧晋书辑本,,",清
"『史部』/编年/西夏书事,,",清
"『子部』/儒家/围炉夜话,,",清
"『集部』/别集/己亥杂诗,,",清
"『史部』/政书/枢垣记略,,",清
"『史部』/别杂史等/书湖州庄氏史狱,,",清
"『史部』/编年/汉官六种,,",清
"『史部』/编年/续资治通鉴,,",清
"『史部』/传记/廿二史劄记,,",清
"『经部』/经学史及小学类/孟子字义疏证,,",清
"『经部』/经学史及小学类/深衣考误,,",清
"『子部』/艺术/梅花谱,,",清
"『史部』/传记/纳兰家族墓碑,,",清
"『史部』/别杂史等/满清入关暴政,,",清
"『史部』/别杂史等/粤游见闻,,",清
"『史部』/政书/幕学举要,,",清
"『子部』/杂家/池北偶谈,,",清
"『子部』/儒家/声律启蒙,,",清
"『子部』/儒家/朱子治家格言,,",清
"『集部』/别集/闲情偶记,,",清
"『史部』/传记/过江七事,,",清
"『子部』/谱录/岕茶汇抄,,",清
"『子部』/医家/血證論,,",清
"『史部』/目录/书目答问,,",清
"『子部』/书画/艺概[节录],,",清
"『史部』/诏令奏议/天朝田亩制度,,",清
"『子部』/医家/醫學三字經,,",清
"『子部』/医家/类证治裁,,",清
"『史部』/史评/文史通义,,",清
"『子部』/医家/傅青主女科,,",清
"『子部』/谱录/随园食单,,",清
"『子部』/杂家/谐铎,,",清
"『子部』/杂家/笑林广记,,",清
"『史部』/政书/续佐治药言,,",清
"『史部』/政书/学治臆说,,",清
"『史部』/政书/佐治药言,,",清
"『史部』/政书/中国官场学,,",清
"『子部』/医家/温热论,,",清
"『子部』/医家/医学源流论,,",清
"『史部』/正史/明史,,",清
"『子部』/杂家/分甘馀话,,",清
"『子部』/谱录/阳羡茗壶系,,",清
"『子部』/杂家/板桥杂记,,",清
"『史部』/史评/读通鉴论,,",清
"『史部』/地理/读史方舆纪要,,",清
"『史部』/史评/宋论,,",清
"『子部』/医家/医方集解,,",清
"『史部』/传记/明儒学案,,",清
"『子部』/医家/痧胀玉衡,,",清
"『集部』/别集/西湖梦寻,,",清
"『史部』/别杂史等/庄氏史案,,",清
"『史部』/传记/浙东纪略,,",清
"『史部』/别杂史等/扬州十日记,,",清
"『史部』/别杂史等/蜀乱述闻,,",清
"『子部』/谱录/東茶記,,",清
"『子部』/书画/钝吟书要[节录],,",清
"『子部』/书画/临池管见,,",清
"『子部』/书画/书学,,",清
"『子部』/书画/书学捷要[节录],,",清
"『子部』/书画/书筏,,",清
"『子部』/书画/书法辑要,,",清
"『子部』/书画/书法约言,,",清
"『子部』/书画/艺舟双辑（附《十七帖》疏证）,,",清
"『子部』/书画/承晋斋积闻录,,",清
"『子部』/书画/清人原著——书法秘诀,,",清
"『子部』/书画/南北书派论[节录],,",清
"『子部』/书画/北碑南帖论[节录],,",清
"『子部』/书画/六书缘起,,",清
"『子部』/书画/广艺舟双楫,,",清
"『子部』/艺术/扬州画舫录,,",清
"『子部』/杂家/居易录,,",清
"『子部』/杂家/甲申朝事小纪,,",清
"『子部』/杂家/清代名人轶事,,",清
"『子部』/杂家/清代野记,,",清
"『子部』/杂家/清稗琐缀,,",清
"『子部』/杂家/西征随笔,,",清
"『子部』/杂家/南越笔记,,",清
"『子部』/儒家/小学诗,,",清
"『子部』/儒家/潜夫论笺校正,,",清
"『子部』/儒家/弟子规,,",清
"『子部』/道家/庄子集释,,",清
"『集部』/别集/浮生六记,,",清
"『集部』/别集/幽梦影,,",清
"『集部』/别集/粤词雅,,",清
"『集部』/词/饮水词,,",清
"『集部』/词/白香词谱,,",清
"『集部』/词/听秋声馆词话,,",清
"『集部』/诗文评/赌棋山庄词话,,",清
"『集部』/诗文评/钝吟杂录,,",清
"『集部』/诗文评/诗学源流考,,",清
"『集部』/诗文评/续诗品,,",清
"『集部』/诗文评/解人颐,,",清
"『集部』/诗文评/人间词话,,",清
"『集部』/诗文评/答万季埜诗问,,",清
"『集部』/诗文评/姜斋诗话,,",清
"『集部』/曲/长生殿,,",清
"『集部』/曲/清忠谱,,",清
"『集部』/曲/桃花扇,,",清
"『集部』/曲/雷峰塔,,",清
"『集部』/别集/李斯谏逐客书,,",秦
"『经部』/十三经/孝经,,",秦汉
"『经部』/十三经/周易,,",西周
"『经部』/十三经/周礼,,",西周
"『子部』/道家/关尹子,,",西周
"『集部』/别集/晋王右军集,,",西晋
"『集部』/别集/晋孙廷尉集,,",西晋
"『史部』/别杂史等/晋后略,,",西晋
"『集部』/别集/晋荀公曾集,,",西晋
"『集部』/别集/秋兴赋并序,,",西晋
"『集部』/别集/晋潘黄门集,,",西晋
"『史部』/别杂史等/九州春秋,,",西晋
"『史部』/编年/古本竹书纪年辑证,,",西晋
"『史部』/正史/三国志,,",西晋
"『子部』/医家/脉经,,",西晋
"『集部』/别集/陈情表,,",西晋
"『子部』/书画/四体书势,,",西晋
"『子部』/书画/隶书体,,",西晋
"『集部』/别集/晋孙子荆集,,",西晋
"『史部』/正史/史记,,",西汉
"『史部』/别杂史等/战国策,,",西汉
"『史部』/传记/列女传,,",西汉
"『经部』/经学史及小学类/大戴礼记,,",西汉
"『经部』/十三经/礼记,,",西汉
"『经部』/经学史及小学类/輶轩使者绝代语释别国方言,,",西汉
"『经部』/经学史及小学类/韩诗外传,,",西汉
"『子部』/儒家/盐铁论,,",西汉
"『子部』/儒家/新序,,",西汉
"『子部』/道家/列仙传,,",西汉
"『子部』/法家/扬子法言,,",西汉
"『子部』/法家/管子,,",西汉
"『子部』/儒家/陆贾新语注释,,",西汉
"『子部』/儒家/新語(简繁对照),,",西汉
"『子部』/兵家/言兵事疏,,",西汉
"『子部』/儒家/新书,,",西汉
"『子部』/儒家/孔子家语,,",西汉
"『子部』/儒家/春秋繁露,,",西汉
"『子部』/儒家/说苑,,",西汉
"『子部』/术数/太玄经,,",西汉
"『子部』/杂家/神异经,,",西汉
"『子部』/杂家/淮南子,,",西汉
"『子部』/兵家/三略,,",西汉
"『集部』/别集/长门赋,,",西汉
"『子部』/儒家/中说,,",隋
"『子部』/杂家/人物志,,",魏
"『集部』/别集/与山巨源绝交书,,",魏晋
"『集部』/别集/阮籍诗全集,,",魏晋
"『集部』/别集/刘桢诗全集,,",魏晋
"『集部』/别集/嵇康诗全集,,",魏晋
